热点话题,来源渠道,话题类别,热度指数,热度指数数值,关联地点,优先级,分析,备注
"科技赋能文旅IP点亮盛会——华强方特亮相第二十二届文博会","综合","国际外交","上游产业信号 - 新华网旅游",80,"","中","📡 [上游信号] | 来源: 新华网旅游 | 影响: 政策变化：关注对业务合规和需求的影响 | 类别: 政策签证","📎 新华网旅游 | http://www.news.cn/travel/20260525/11183d27690f4e67903574c6a3835efc/c.html"
"打造生态传播新路径 “秦小卫”数字IP入选新华社品牌工程","综合","国际外交","上游产业信号 - 新华网旅游",80,"","中","📡 [上游信号] | 来源: 新华网旅游 | 影响: 政策变化：关注对业务合规和需求的影响 | 类别: 政策签证","📎 新华网旅游 | http://www.news.cn/travel/20260511/13931220848a4701b1c7cb6be440187f/c.html"
"“创业宜居地 乐游生态城”武安市亮相《300秒看家乡》","综合","国际外交","上游产业信号 - 新华网旅游",80,"","中","📡 [上游信号] | 来源: 新华网旅游 | 影响: 政策变化：关注对业务合规和需求的影响 | 类别: 政策签证","📎 新华网旅游 | http://www.news.cn/travel/20260509/976d3d01f37f4fd4bde5e6faafe12cdc/c.html"
"300秒看家乡︱湖南省怀化市洪江区：千年商城 洪福洪江","综合","国际外交","上游产业信号 - 新华网旅游",80,"","中","📡 [上游信号] | 来源: 新华网旅游 | 影响: 政策变化：关注对业务合规和需求的影响 | 类别: 政策签证","📎 新华网旅游 | http://www.news.cn/travel/20260508/67e0972f33b740db902be33b363f9deb/c.html"
"“书法之乡 养生印江”印江土家族苗族自治县亮相《300秒看家乡》","综合","国际外交","上游产业信号 - 新华网旅游",80,"","中","📡 [上游信号] | 来源: 新华网旅游 | 影响: 政策变化：关注对业务合规和需求的影响 | 类别: 政策签证","📎 新华网旅游 | http://www.news.cn/travel/20260430/66c97658b5b840a38c590860ad74306e/c.html"
"300秒看家乡︱内蒙古自治区锡林郭勒盟乌拉盖管理区：“天边草原”乌拉盖","综合","国际外交","上游产业信号 - 新华网旅游",80,"","中","📡 [上游信号] | 来源: 新华网旅游 | 影响: 政策变化：关注对业务合规和需求的影响 | 类别: 政策签证","📎 新华网旅游 | http://www.news.cn/travel/20260429/8a431f4b88e7408cb79d2cdcfdc64add/c.html"
"“天边草原”乌拉盖亮相《300秒看家乡》","综合","国际外交","上游产业信号 - 新华网旅游",80,"","中","📡 [上游信号] | 来源: 新华网旅游 | 影响: 政策变化：关注对业务合规和需求的影响 | 类别: 政策签证","📎 新华网旅游 | http://www.news.cn/travel/20260424/17121e7b7f574b90af4a608b66186279/c.html"
"300秒看家乡︱四川省雅安市荥经县：千年窑火映古县，绿水青山展新卷","综合","国际外交","上游产业信号 - 新华网旅游",80,"","中","📡 [上游信号] | 来源: 新华网旅游 | 影响: 政策变化：关注对业务合规和需求的影响 | 类别: 政策签证","📎 新华网旅游 | http://www.news.cn/travel/20260417/a139be985f184b61aafb046e66a40d6a/c.html"
"300秒看家乡︱贵州省黔东南苗族侗族自治州镇远县：山水福地·千年镇远","综合","国际外交","上游产业信号 - 新华网旅游",80,"","中","📡 [上游信号] | 来源: 新华网旅游 | 影响: 政策变化：关注对业务合规和需求的影响 | 类别: 政策签证","📎 新华网旅游 | http://www.news.cn/travel/20260413/7fac880269494d7cac4a9fde1fdc4473/c.html"
"江西婺源：一城更新万象生","综合","国际外交","上游产业信号 - 新华网旅游",80,"","中","📡 [上游信号] | 来源: 新华网旅游 | 影响: 政策变化：关注对业务合规和需求的影响 | 类别: 政策签证","📎 新华网旅游 | http://www.news.cn/travel/20260410/d48c1270c697485db481c699bff7db35/c.html"
"新华视点｜透视景区NPC热潮","综合","国际外交","上游产业信号 - 新华网旅游",80,"","中","📡 [上游信号] | 来源: 新华网旅游 | 影响: 政策变化：关注对业务合规和需求的影响 | 类别: 政策签证","📎 新华网旅游 | http://www.news.cn/travel/20260529/920096ca005145ae88ec9d039247c677/c.html"
"瞰中国｜内蒙古敕勒川草原：初夏时节绿意盎然","综合","国际外交","上游产业信号 - 新华网旅游",80,"","中","📡 [上游信号] | 来源: 新华网旅游 | 影响: 政策变化：关注对业务合规和需求的影响 | 类别: 政策签证","📎 新华网旅游 | http://www.news.cn/travel/20260529/b8d9930d9b1340f9b2e6b3f33aa3f05e/c.html"
"解码海淀，对话未来：“‘衣’脉相承”大秀绽放三山五园","综合","国际外交","上游产业信号 - 新华网旅游",80,"","中","📡 [上游信号] | 来源: 新华网旅游 | 影响: 政策变化：关注对业务合规和需求的影响 | 类别: 政策签证","📎 新华网旅游 | http://www.news.cn/travel/20260529/0cd8c678dbc74e8c83cf8624a83da7ec/c.html"
"黎平县亮相《300秒看家乡》：侗乡之窗展古韵 曙光之城启新程","综合","国际外交","上游产业信号 - 新华网旅游",80,"","中","📡 [上游信号] | 来源: 新华网旅游 | 影响: 政策变化：关注对业务合规和需求的影响 | 类别: 政策签证","📎 新华网旅游 | http://www.news.cn/travel/20260528/9838062b94014f4fa6b4dea811d59481/c.html"
"聚人气汇人流：百余公里巢湖岸线激活文旅消费新场景","综合","国际外交","上游产业信号 - 新华网旅游",80,"","中","📡 [上游信号] | 来源: 新华网旅游 | 影响: 政策变化：关注对业务合规和需求的影响 | 类别: 政策签证","📎 新华网旅游 | http://www.news.cn/travel/20260527/751a84a9d0ac4a9f8659f58eea9731f8/c.html"
"瞰中国｜广西龙胜：雨霁梯田润 人在画中耕","综合","国际外交","上游产业信号 - 新华网旅游",80,"","中","📡 [上游信号] | 来源: 新华网旅游 | 影响: 政策变化：关注对业务合规和需求的影响 | 类别: 政策签证","📎 新华网旅游 | http://www.news.cn/travel/20260527/61afbe1c80b54d038f147212c73d37ed/c.html"
"千城百县看中国｜河南济源：猴戏竞演展风采","综合","国际外交","上游产业信号 - 新华网旅游",80,"","中","📡 [上游信号] | 来源: 新华网旅游 | 影响: 政策变化：关注对业务合规和需求的影响 | 类别: 政策签证","📎 新华网旅游 | http://www.news.cn/travel/20260527/48f75238492a43cc852a2f24605b8291/c.html"
"“诗画草原 醉美达茂”达茂旗亮相《300秒看家乡》","综合","国际外交","上游产业信号 - 新华网旅游",80,"","中","📡 [上游信号] | 来源: 新华网旅游 | 影响: 政策变化：关注对业务合规和需求的影响 | 类别: 政策签证","📎 新华网旅游 | http://www.news.cn/travel/20260526/19c421e6b4834461aefc1392442d2606/c.html"
"新疆哈密：大海道邂逅雅丹之美","综合","国际外交","上游产业信号 - 新华网旅游",80,"新疆","中","📡 [上游信号] | 来源: 新华网旅游 | 影响: 政策变化：关注对业务合规和需求的影响 | 类别: 政策签证","📎 新华网旅游 | http://www.news.cn/travel/20260526/33f2ef4af25e4bb195d71ea06b55f067/c.html"
"云南永善：石笋巍峨藏秀色","综合","国际外交","上游产业信号 - 新华网旅游",80,"云南","中","📡 [上游信号] | 来源: 新华网旅游 | 影响: 政策变化：关注对业务合规和需求的影响 | 类别: 政策签证","📎 新华网旅游 | http://www.news.cn/travel/20260526/30b64aae330e43f887123bbf5ea8b0b0/c.html"
"文旅新探丨跟着“阿嬷”游潮汕","综合","国际外交","上游产业信号 - 新华网旅游",80,"","中","📡 [上游信号] | 来源: 新华网旅游 | 影响: 政策变化：关注对业务合规和需求的影响 | 类别: 政策签证","📎 新华网旅游 | http://www.news.cn/travel/20260526/0b33dc035fda4084948d0a3e2f555334/c.html"
"文旅新探 | 贵州石阡：寻觅“村味”中的乡土美食","综合","国际外交","上游产业信号 - 新华网旅游",80,"","中","📡 [上游信号] | 来源: 新华网旅游 | 影响: 政策变化：关注对业务合规和需求的影响 | 类别: 政策签证","📎 新华网旅游 | http://www.news.cn/travel/20260526/6a1dde69d9e341dd86cf349fedecd70e/c.html"
"从“舌尖”到“心头” 夜经济点亮消费新活力","综合","国际外交","上游产业信号 - 新华网旅游",80,"","中","📡 [上游信号] | 来源: 新华网旅游 | 影响: 政策变化：关注对业务合规和需求的影响 | 类别: 政策签证","📎 新华网旅游 | http://www.news.cn/travel/20260526/346f4400d13e4bc595a02accc549e9b3/c.html"
"长春净月高新区亮相《300秒看家乡》：低空经济蓄势起 科创生态筑新城","综合","国际外交","上游产业信号 - 新华网旅游",80,"","中","📡 [上游信号] | 来源: 新华网旅游 | 影响: 政策变化：关注对业务合规和需求的影响 | 类别: 政策签证","📎 新华网旅游 | http://www.news.cn/travel/20260525/9aa243cbd29b429c8b010bd045f9ee09/c.html"
"租赁式旅游，真能“减负”出行吗？","综合","国际外交","上游产业信号 - 新华网旅游",80,"","中","📡 [上游信号] | 来源: 新华网旅游 | 影响: 政策变化：关注对业务合规和需求的影响 | 类别: 政策签证","📎 新华网旅游 | http://www.news.cn/travel/20260525/cfebba036bcb4522aa4cad4b56ad8b32/c.html"
"新华鲜报｜3.25亿人次出游 “五一”假期乐享文旅新风","综合","国际外交","上游产业信号 - 新华网旅游",80,"","中","📡 [上游信号] | 来源: 新华网旅游 | 影响: 宏观指标：反映旅游市场整体恢复程度 | 类别: 政策签证","📎 新华网旅游 | http://www.news.cn/travel/20260509/cd8d6149a9d346ddb9fec2241ca10b77/c.html"
"从“看景”到“入景”：民俗体验拓宽县域文旅新赛道","综合","国际外交","上游产业信号 - 新华网旅游",80,"","中","📡 [上游信号] | 来源: 新华网旅游 | 影响: 政策变化：关注对业务合规和需求的影响 | 类别: 政策签证","📎 新华网旅游 | http://www.news.cn/travel/20260509/072e233a573849008272a4dacfb8528d/c.html"
"春日赴光谷 沉浸式打卡“文旅+科技”特色旅游线路","综合","国际外交","上游产业信号 - 新华网旅游",80,"","中","📡 [上游信号] | 来源: 新华网旅游 | 影响: 政策变化：关注对业务合规和需求的影响 | 类别: 政策签证","📎 新华网旅游 | http://www.news.cn/travel/20260325/d634ebdf035c4d94aed9437b7dd7076e/c.html"
"千城胜景｜吉林磐石：仙人湖公园荷花盛放","综合","国际外交","上游产业信号 - 新华网旅游",80,"","中","📡 [上游信号] | 来源: 新华网旅游 | 影响: 政策变化：关注对业务合规和需求的影响 | 类别: 政策签证","📎 新华网旅游 | http://www.news.cn/travel/20250819/1ef9df14cae341919630dea7a1a49493/c.html"
"第二届中国新疆民间艺术季在新疆乌鲁木齐启动","综合","国际外交","上游产业信号 - 文旅部",80,"新疆","中","📡 [上游信号] | 来源: 文旅部 | 影响: 政策变化：关注对业务合规和需求的影响 | 类别: 政策签证","📎 文旅部 | https://www.mct.gov.cn/whzx/whyw/202605/t20260522_965928.htm"
"2026文化强国建设高峰论坛在深圳开幕 李书磊出席并发表主旨演讲","综合","文旅美食","上游产业信号 - 文旅部",80,"深圳","中","📡 [上游信号] | 来源: 文旅部 | 影响: 集中需求：大型活动将带来阶段性客流和住宿需求 | 类别: 会展活动","📎 文旅部 | https://www.mct.gov.cn/whzx/whyw/202605/t20260522_965939.htm"
"2026年文化和旅游部科技教育工作会议在安徽合肥召开","综合","文旅美食","上游产业信号 - 文旅部",80,"","中","📡 [上游信号] | 来源: 文旅部 | 影响: 集中需求：大型活动将带来阶段性客流和住宿需求 | 类别: 会展活动","📎 文旅部 | https://www.mct.gov.cn/whzx/whyw/202605/t20260522_965927.htm"
"2026年“5·19中国旅游日”主会场活动在广东广州举行","综合","国际外交","上游产业信号 - 文旅部",80,"广州","中","📡 [上游信号] | 来源: 文旅部 | 影响: 政策变化：关注对业务合规和需求的影响 | 类别: 政策签证","📎 文旅部 | https://www.mct.gov.cn/whzx/whyw/202605/t20260519_965881.htm"
"跟着品牌去旅行！首批体验地推荐名单发布","综合","国际外交","上游产业信号 - 文旅部",80,"","中","📡 [上游信号] | 来源: 文旅部 | 影响: 政策变化：关注对业务合规和需求的影响 | 类别: 政策签证","📎 文旅部 | https://www.mct.gov.cn/whzx/whyw/202605/t20260509_965763.htm"
"旅游市场强制消费问题典型案例（2026年第二批）","综合","国际外交","上游产业信号 - 文旅部",80,"","中","📡 [上游信号] | 来源: 文旅部 | 影响: 消费力指标：反映旅游消费趋势变化 | 类别: 政策签证","📎 文旅部 | https://www.mct.gov.cn/whzx/whyw/202605/t20260502_965683.htm"
"2026年“五一”假期国内出游3.25亿人次","综合","国际外交","上游产业信号 - 文旅部",80,"","高","📡 [上游信号] | 来源: 文旅部 | 影响: 宏观需求信号：假期出行数据反映市场热度 | 类别: 政策签证","📎 文旅部 | https://www.mct.gov.cn/whzx/whyw/202605/t20260506_965708.htm"
"文化和旅游部、中国气象局联合发布五一假期旅游气象提示","综合","国际外交","上游产业信号 - 文旅部",80,"","中","📡 [上游信号] | 来源: 文旅部 | 影响: 政策变化：关注对业务合规和需求的影响 | 类别: 政策签证","📎 文旅部 | https://www.mct.gov.cn/whzx/whyw/202604/t20260429_965657.htm"
"文化和旅游部五一假期出游提示","综合","国际外交","上游产业信号 - 文旅部",80,"","中","📡 [上游信号] | 来源: 文旅部 | 影响: 政策变化：关注对业务合规和需求的影响 | 类别: 政策签证","📎 文旅部 | https://www.mct.gov.cn/whzx/whyw/202604/t20260428_965633.htm"
"旅游市场秩序集中整治严重失信主体典型名单（2026年第一批）","综合","国际外交","上游产业信号 - 文旅部",80,"","中","📡 [上游信号] | 来源: 文旅部 | 影响: 行业合规：影响渠道合作与定价策略 | 类别: 政策签证","📎 文旅部 | https://www.mct.gov.cn/whzx/whyw/202604/t20260427_965618.htm"
"2026年全国“四季村歌”示范活动在江西景德镇举行","综合","国际外交","上游产业信号 - 文旅部",80,"","中","📡 [上游信号] | 来源: 文旅部 | 影响: 政策变化：关注对业务合规和需求的影响 | 类别: 政策签证","📎 文旅部 | https://www.mct.gov.cn/whzx/whyw/202604/t20260422_965537.htm"
"2026年全国重点文化和旅游企业主要负责人安全生产培训举办","综合","国际外交","上游产业信号 - 文旅部",80,"","中","📡 [上游信号] | 来源: 文旅部 | 影响: 政策变化：关注对业务合规和需求的影响 | 类别: 政策签证","📎 文旅部 | https://www.mct.gov.cn/whzx/whyw/202604/t20260422_965563.htm"
"图书馆全民阅读论坛暨2026年公共图书馆服务宣传周主场活动在江西南昌举办","综合","文旅美食","上游产业信号 - 文旅部",80,"","中","📡 [上游信号] | 来源: 文旅部 | 影响: 集中需求：大型活动将带来阶段性客流和住宿需求 | 类别: 会展活动","📎 文旅部 | https://www.mct.gov.cn/whzx/whyw/202604/t20260421_965520.htm"
"2026年全国“四季村晚”春季主场活动在重庆石柱举办","综合","国际外交","上游产业信号 - 文旅部",80,"","中","📡 [上游信号] | 来源: 文旅部 | 影响: 政策变化：关注对业务合规和需求的影响 | 类别: 政策签证","📎 文旅部 | https://www.mct.gov.cn/whzx/whyw/202604/t20260416_965488.htm"
"文化和旅游部深入学习贯彻习近平总书记关于树立和践行正确政绩观的重要论...","综合","国际外交","上游产业信号 - 文旅部",80,"","中","📡 [上游信号] | 来源: 文旅部 | 影响: 政策变化：关注对业务合规和需求的影响 | 类别: 政策签证","📎 文旅部 | https://www.mct.gov.cn/whzx/whyw/202604/t20260416_965487.htm"
"2026年清明节假期国内出游1.35亿人次","综合","国际外交","上游产业信号 - 文旅部",80,"","高","📡 [上游信号] | 来源: 文旅部 | 影响: 宏观需求信号：假期出行数据反映市场热度 | 类别: 政策签证","📎 文旅部 | https://www.mct.gov.cn/whzx/whyw/202604/t20260407_965316.htm"
"文化和旅游部清明节假期出游提示","综合","国际外交","上游产业信号 - 文旅部",80,"","中","📡 [上游信号] | 来源: 文旅部 | 影响: 政策变化：关注对业务合规和需求的影响 | 类别: 政策签证","📎 文旅部 | https://www.mct.gov.cn/whzx/whyw/202604/t20260402_965276.htm"
"“中国和哈萨克斯坦文化交流年”开幕式在京举行","综合","国际外交","上游产业信号 - 文旅部",80,"","中","📡 [上游信号] | 来源: 文旅部 | 影响: 政策变化：关注对业务合规和需求的影响 | 类别: 政策签证","📎 文旅部 | https://www.mct.gov.cn/whzx/whyw/202603/t20260331_965246.htm"
"中华人民共和国外交部、文化和旅游部与巴西联邦共和国外交部、文化部、旅...","综合","国际外交","上游产业信号 - 文旅部",80,"","中","📡 [上游信号] | 来源: 文旅部 | 影响: 政策变化：关注对业务合规和需求的影响 | 类别: 政策签证","📎 文旅部 | https://www.mct.gov.cn/whzx/whyw/202603/t20260326_965174.htm"
"2026年驻华外交官“发现中国之美”活动在京启动","综合","国际外交","上游产业信号 - 文旅部",80,"","中","📡 [上游信号] | 来源: 文旅部 | 影响: 政策变化：关注对业务合规和需求的影响 | 类别: 政策签证","📎 文旅部 | https://www.mct.gov.cn/whzx/whyw/202603/t20260320_965085.htm"
"[航线动态] Routes Europe 2026","综合","文旅美食","上游产业信号 - RoutesOnline",80,"","高","📡 [上游信号] | 来源: RoutesOnline | 影响: 运力信号：关注航线运力调整对票价和库存的影响 | 类别: 航空运力","📎 RoutesOnline | https://www.routesonline.com/news/tagged/9746/routes-europe-2026/"
"[航线动态] Wizz Air","综合","文旅美食","上游产业信号 - RoutesOnline",80,"","高","📡 [上游信号] | 来源: RoutesOnline | 影响: 运力信号：关注航线运力调整对票价和库存的影响 | 类别: 航空运力","📎 RoutesOnline | https://www.routesonline.com/news/tagged/908/wizz-air/"
"[航线动态] Rimini San Marino International Airport","综合","文旅美食","上游产业信号 - RoutesOnline",80,"","高","📡 [上游信号] | 来源: RoutesOnline | 影响: 运力信号：关注航线运力调整对票价和库存的影响 | 类别: 航空运力","📎 RoutesOnline | https://www.routesonline.com/news/tagged/4239/rimini-san-marino-international-airport/"
"[航线动态] Icelandair","综合","文旅美食","上游产业信号 - RoutesOnline",80,"","高","📡 [上游信号] | 来源: RoutesOnline | 影响: 运力信号：关注航线运力调整对票价和库存的影响 | 类别: 航空运力","📎 RoutesOnline | https://www.routesonline.com/news/tagged/2066/icelandair-/"
"[航线动态] TAV Airports","综合","文旅美食","上游产业信号 - RoutesOnline",80,"","高","📡 [上游信号] | 来源: RoutesOnline | 影响: 运力信号：关注航线运力调整对票价和库存的影响 | 类别: 航空运力","📎 RoutesOnline | https://www.routesonline.com/news/tagged/1201/tav-airports/"
"[航线动态] Rimini","综合","文旅美食","上游产业信号 - RoutesOnline",80,"","高","📡 [上游信号] | 来源: RoutesOnline | 影响: 运力信号：关注航线运力调整对票价和库存的影响 | 类别: 航空运力","📎 RoutesOnline | https://www.routesonline.com/news/tagged/4750/rimini/"
"[航线动态] Scandinavian Airlines System (SAS)","综合","文旅美食","上游产业信号 - RoutesOnline",80,"","高","📡 [上游信号] | 来源: RoutesOnline | 影响: 运力信号：关注航线运力调整对票价和库存的影响 | 类别: 航空运力","📎 RoutesOnline | https://www.routesonline.com/news/tagged/9548/scandinavian-airlines-system-sas/"
"[航线动态] Eurowings","综合","文旅美食","上游产业信号 - RoutesOnline",80,"","高","📡 [上游信号] | 来源: RoutesOnline | 影响: 运力信号：关注航线运力调整对票价和库存的影响 | 类别: 航空运力","📎 RoutesOnline | https://www.routesonline.com/news/tagged/4869/eurowings/"
"[航线动态] Porter Airlines Inc","综合","文旅美食","上游产业信号 - RoutesOnline",80,"","高","📡 [上游信号] | 来源: RoutesOnline | 影响: 运力信号：关注航线运力调整对票价和库存的影响 | 类别: 航空运力","📎 RoutesOnline | https://www.routesonline.com/news/tagged/4180/porter-airlines-inc/"
"[航线动态] Air France","综合","文旅美食","上游产业信号 - RoutesOnline",80,"","高","📡 [上游信号] | 来源: RoutesOnline | 影响: 运力信号：关注航线运力调整对票价和库存的影响 | 类别: 航空运力","📎 RoutesOnline | https://www.routesonline.com/news/tagged/266/air-france/"
"[航线动态] Air Transat","综合","文旅美食","上游产业信号 - RoutesOnline",80,"","高","📡 [上游信号] | 来源: RoutesOnline | 影响: 运力信号：关注航线运力调整对票价和库存的影响 | 类别: 航空运力","📎 RoutesOnline | https://www.routesonline.com/news/tagged/1999/air-transat/"
"[航线动态] airBaltic","综合","文旅美食","上游产业信号 - RoutesOnline",80,"","高","📡 [上游信号] | 来源: RoutesOnline | 影响: 运力信号：关注航线运力调整对票价和库存的影响 | 类别: 航空运力","📎 RoutesOnline | https://www.routesonline.com/news/tagged/8681/airbaltic/"
"[航线动态] Routes 360","综合","文旅美食","上游产业信号 - RoutesOnline",80,"","高","📡 [上游信号] | 来源: RoutesOnline | 影响: 运力信号：关注航线运力调整对票价和库存的影响 | 类别: 航空运力","📎 RoutesOnline | https://www.routesonline.com/news/tagged/6285/routes-360/"
"[航线动态] VietJet Air","综合","文旅美食","上游产业信号 - RoutesOnline",80,"","高","📡 [上游信号] | 来源: RoutesOnline | 影响: 运力信号：关注航线运力调整对票价和库存的影响 | 类别: 航空运力","📎 RoutesOnline | https://www.routesonline.com/news/tagged/834/vietjet-air/"
"[航线动态] Aeroitalia","综合","文旅美食","上游产业信号 - RoutesOnline",80,"","高","📡 [上游信号] | 来源: RoutesOnline | 影响: 运力信号：关注航线运力调整对票价和库存的影响 | 类别: 航空运力","📎 RoutesOnline | https://www.routesonline.com/news/tagged/9513/aeroitalia/"
"[航线动态] Qatar Airways","综合","文旅美食","上游产业信号 - RoutesOnline",80,"","高","📡 [上游信号] | 来源: RoutesOnline | 影响: 运力信号：关注航线运力调整对票价和库存的影响 | 类别: 航空运力","📎 RoutesOnline | https://www.routesonline.com/news/tagged/393/qatar-airways/"
"[航线动态] Alaska Airlines","综合","文旅美食","上游产业信号 - RoutesOnline",80,"","高","📡 [上游信号] | 来源: RoutesOnline | 影响: 运力信号：关注航线运力调整对票价和库存的影响 | 类别: 航空运力","📎 RoutesOnline | https://www.routesonline.com/news/tagged/2936/alaska-airlines/"
"[航线动态] Tampa International Airport","综合","文旅美食","上游产业信号 - RoutesOnline",80,"","高","📡 [上游信号] | 来源: RoutesOnline | 影响: 运力信号：关注航线运力调整对票价和库存的影响 | 类别: 航空运力","📎 RoutesOnline | https://www.routesonline.com/news/tagged/219/tampa-international-airport/"
"[航线动态] Finavia - Airports of Finland","综合","文旅美食","上游产业信号 - RoutesOnline",80,"","高","📡 [上游信号] | 来源: RoutesOnline | 影响: 运力信号：关注航线运力调整对票价和库存的影响 | 类别: 航空运力","📎 RoutesOnline | https://www.routesonline.com/news/tagged/4051/finavia-airports-of-finland/"
"[航线动态] Boeing 757","综合","文旅美食","上游产业信号 - RoutesOnline",80,"","高","📡 [上游信号] | 来源: RoutesOnline | 影响: 运力信号：关注航线运力调整对票价和库存的影响 | 类别: 航空运力","📎 RoutesOnline | https://www.routesonline.com/news/tagged/9458/boeing-757/"
"[航线动态] Press Releases","综合","文旅美食","上游产业信号 - RoutesOnline",80,"","高","📡 [上游信号] | 来源: RoutesOnline | 影响: 运力信号：关注航线运力调整对票价和库存的影响 | 类别: 航空运力","📎 RoutesOnline | https://www.routesonline.com/news/tagged/2046/press-release/"
"Technification Is Accelerating Commoditization - By Doug Kennedy","综合","文旅美食","上游产业信号 - HotelNewsResource",80,"","中","📡 [上游信号] | 来源: HotelNewsResource | 影响: 酒店动态：关注供应链变化和品牌布局 | 类别: 酒店供应链","📎 HotelNewsResource | https://www.hotelnewsresource.com/article141426.html"
"Global Air Passenger Demand Declines in April As Middle East Conflict Disrupts Aviation Markets","综合","文旅美食","上游产业信号 - HotelNewsResource",80,"","高","📡 [上游信号] | 来源: HotelNewsResource | 影响: 运力信号：关注航线运力调整对票价和库存的影响 | 类别: 航空运力","📎 HotelNewsResource | https://www.hotelnewsresource.com/article141442.html"
"Google Business Profiles Just Got More Social","综合","文旅美食","上游产业信号 - HotelNewsResource",80,"","中","📡 [上游信号] | 来源: HotelNewsResource | 影响: 酒店动态：关注供应链变化和品牌布局 | 类别: 酒店供应链","📎 HotelNewsResource | https://www.hotelnewsresource.com/article141437.html"
"Pebblebrook Hotel Trust Completes $43.5 Million Sale of Chamberlain West Hollywood Hotel","综合","文旅美食","上游产业信号 - HotelNewsResource",80,"","中","📡 [上游信号] | 来源: HotelNewsResource | 影响: 资本动向：酒店资产交易，关注行业整合趋势 | 类别: 酒店供应链","📎 HotelNewsResource | https://www.hotelnewsresource.com/article141447.html"
"TownePlace Suites by Marriott Palmdale Opens in California","综合","文旅美食","上游产业信号 - HotelNewsResource",80,"","高","📡 [上游信号] | 来源: HotelNewsResource | 影响: 供给增加：新酒店/品牌入驻，关注竞争格局变化 | 类别: 酒店供应链","📎 HotelNewsResource | https://www.hotelnewsresource.com/article141448.html"
"Caesars Entertainment to Be Acquired by Fertitta Entertainment in $17.6 Billion All-Cash Deal","综合","文旅美食","上游产业信号 - HotelNewsResource",80,"","中","📡 [上游信号] | 来源: HotelNewsResource | 影响: 资本动向：酒店资产交易，关注行业整合趋势 | 类别: 酒店供应链","📎 HotelNewsResource | https://www.hotelnewsresource.com/article141446.html"
"Hilton to Launch Spark by Hilton Brand in Italy with Milan Linate Airport Hotel","综合","文旅美食","上游产业信号 - HotelNewsResource",80,"","高","📡 [上游信号] | 来源: HotelNewsResource | 影响: 运力信号：关注航线运力调整对票价和库存的影响 | 类别: 航空运力","📎 HotelNewsResource | https://www.hotelnewsresource.com/article141445.html"
"AHLA Statement on Proposed Shut Down of Customs and Immigration Processing at Major Cities","综合","文旅美食","上游产业信号 - HotelNewsResource",80,"","中","📡 [上游信号] | 来源: HotelNewsResource | 影响: 酒店动态：关注供应链变化和品牌布局 | 类别: 酒店供应链","📎 HotelNewsResource | https://www.hotelnewsresource.com/article141444.html"
"Top 6 Travel Trends for 2026 the Fastest-growing Traveler Segments - By Femke Nollet","综合","文旅美食","上游产业信号 - HotelNewsResource",80,"","中","📡 [上游信号] | 来源: HotelNewsResource | 影响: 酒店动态：关注供应链变化和品牌布局 | 类别: 酒店供应链","📎 HotelNewsResource | https://www.hotelnewsresource.com/article141434.html"
"Leading Across Generations: Why Yesterday’s Leadership Alone No Longer Works - By Matthew Mascali","综合","文旅美食","上游产业信号 - HotelNewsResource",80,"","中","📡 [上游信号] | 来源: HotelNewsResource | 影响: 酒店动态：关注供应链变化和品牌布局 | 类别: 酒店供应链","📎 HotelNewsResource | https://www.hotelnewsresource.com/article141427.html"
"Why Human Agency Matters for Quantum AI - By Angie Basiouny","综合","文旅美食","上游产业信号 - HotelNewsResource",80,"","中","📡 [上游信号] | 来源: HotelNewsResource | 影响: 酒店动态：关注供应链变化和品牌布局 | 类别: 酒店供应链","📎 HotelNewsResource | https://www.hotelnewsresource.com/article141410.html"
"Redefining Caribbean Luxury: How Destinations Can Attract the Global One Percent - By Charley Baouamina","综合","文旅美食","上游产业信号 - HotelNewsResource",80,"","中","📡 [上游信号] | 来源: HotelNewsResource | 影响: 酒店动态：关注供应链变化和品牌布局 | 类别: 酒店供应链","📎 HotelNewsResource | https://www.hotelnewsresource.com/article141389.html"
"Cendyn Resets Hospitality Commitment with Leadership Reorientation","综合","文旅美食","上游产业信号 - HotelNewsResource",80,"","中","📡 [上游信号] | 来源: HotelNewsResource | 影响: 酒店动态：关注供应链变化和品牌布局 | 类别: 酒店供应链","📎 HotelNewsResource | https://www.hotelnewsresource.com/article141436.html"
"Performance Marketing for Resorts: Remove Barriers To Booking","综合","文旅美食","上游产业信号 - HotelNewsResource",80,"","中","📡 [上游信号] | 来源: HotelNewsResource | 影响: 酒店动态：关注供应链变化和品牌布局 | 类别: 酒店供应链","📎 HotelNewsResource | https://www.hotelnewsresource.com/article141435.html"
"Lighthouse Acquires Hotelrank.ai, Adding AI Visibility Intelligence to Connect AI","综合","文旅美食","上游产业信号 - HotelNewsResource",80,"","中","📡 [上游信号] | 来源: HotelNewsResource | 影响: 资本动向：酒店资产交易，关注行业整合趋势 | 类别: 酒店供应链","📎 HotelNewsResource | https://www.hotelnewsresource.com/article141425.html"
"Maestro PMS to Showcase Unified Hospitality Platform Driving the Next Guest Experience at HITEC San Antonio","综合","文旅美食","上游产业信号 - HotelNewsResource",80,"","中","📡 [上游信号] | 来源: HotelNewsResource | 影响: 酒店动态：关注供应链变化和品牌布局 | 类别: 酒店供应链","📎 HotelNewsResource | https://www.hotelnewsresource.com/article141406.html"
"IHG Signs Canary Riverside Plaza, Vignette Collection in London’s Canary Wharf","综合","文旅美食","上游产业信号 - HotelNewsResource",80,"","中","📡 [上游信号] | 来源: HotelNewsResource | 影响: 酒店动态：关注供应链变化和品牌布局 | 类别: 酒店供应链","📎 HotelNewsResource | https://www.hotelnewsresource.com/article141424.html"
"The Berkeley Richmond Joins Outset Collection by Hilton After Renovation","综合","文旅美食","上游产业信号 - HotelNewsResource",80,"","中","📡 [上游信号] | 来源: HotelNewsResource | 影响: 酒店动态：关注供应链变化和品牌布局 | 类别: 酒店供应链","📎 HotelNewsResource | https://www.hotelnewsresource.com/article141423.html"
"HVS Europe Hotel Transactions Bulletin Week Ending 22 May 2026","综合","文旅美食","上游产业信号 - HotelNewsResource",80,"","中","📡 [上游信号] | 来源: HotelNewsResource | 影响: 酒店动态：关注供应链变化和品牌布局 | 类别: 酒店供应链","📎 HotelNewsResource | https://www.hotelnewsresource.com/article141409.html"
"Toronto to Host Rendez-vous Canada, the country’s largest international tourism trade show","综合","文旅美食","上游产业信号 - HotelNewsResource",80,"","中","📡 [上游信号] | 来源: HotelNewsResource | 影响: 酒店动态：关注供应链变化和品牌布局 | 类别: 酒店供应链","📎 HotelNewsResource | https://www.hotelnewsresource.com/article141413.html"
"Mary Bowens Appointed General Manager at Four Seasons Safari Lodge Serengeti","综合","文旅美食","上游产业信号 - HotelNewsResource",80,"","中","📡 [上游信号] | 来源: HotelNewsResource | 影响: 酒店动态：关注供应链变化和品牌布局 | 类别: 酒店供应链","📎 HotelNewsResource | https://www.hotelnewsresource.com/article141422.html"
"Nobu to Rebrand Two Residential Towers in Downtown Bellevue, Washington","综合","文旅美食","上游产业信号 - HotelNewsResource",80,"","中","📡 [上游信号] | 来源: HotelNewsResource | 影响: 酒店动态：关注供应链变化和品牌布局 | 类别: 酒店供应链","📎 HotelNewsResource | https://www.hotelnewsresource.com/article141418.html"
"FIGHTERS Kyiv, Stockholm advance plans to equip Ukrainian air force with new and donated Gripens Latest proposal for Kyiv includes up to 36 secondhand and new-build fighters. 28 May 2026","综合","文旅美食","上游产业信号 - FlightGlobal",80,"","高","📡 [上游信号] | 来源: FlightGlobal | 影响: 运力信号：关注航线运力调整对票价和库存的影响 | 类别: 航空运力","📎 FlightGlobal | https://www.flightglobal.com/defence/2026/05/kyiv-stockholm-advance-plans-to-equip-ukrainian-air-force-with-new-and-donated-gripens/"
"[付费] Paid content Port Polska accelerates cargo ambitions as Warsaw prepares to host global air freight summit The development of Port Polska is increasingly shaping Poland’s role in European logistics, as the programme moves forward with plans to build a major multimodal transport hub combining air, rail and road infrastructure with advanced cargo capabilities. 11 May 2026","综合","文旅美食","上游产业信号 - FlightGlobal",80,"","高","📡 [上游信号] | 来源: FlightGlobal | 影响: 运力信号：关注航线运力调整对票价和库存的影响 | 类别: 航空运力","📎 FlightGlobal | https://www.flightglobal.com/paid-content/2026/05/port-polska-accelerates-cargo-ambitions-as-warsaw-prepares-to-host-global-air-freight-summit/"
"[付费] Paid content Viscom: advanced inspection technology enabling mission assurance For over 40 years, Viscom has pursued a singular and uncompromising objective: enabling manufacturers to achieve absolute product integrity through zero-defect production. Headquartered in Hanover, Germany, the company develops, engineers, and manufactures high-precision inspection systems designed to protect the functionality and reliability of the world’s most critical electronic systems.In today’s highly complex electronic environments, even… 30 April 2026","综合","文旅美食","上游产业信号 - FlightGlobal",80,"","高","📡 [上游信号] | 来源: FlightGlobal | 影响: 运力信号：关注航线运力调整对票价和库存的影响 | 类别: 航空运力","📎 FlightGlobal | https://www.flightglobal.com/paid-content/2026/04/viscom-advanced-inspection-technology-enabling-mission-assurance/"
"[付费] Paid content How airlines achieve more efficient ground operations with Jeppesen Smart Airport Maps The history of aviation – recent events included – highlights that some of the riskiest phases of any flight are not when the aircraft is in the air, but when it is on terra firma. Busy airports are complex and potentially hazardous workplaces for pilots, and plenty can go wrong between runway and gate. 9 April 2026","综合","文旅美食","上游产业信号 - FlightGlobal",80,"","高","📡 [上游信号] | 来源: FlightGlobal | 影响: 运力信号：关注航线运力调整对票价和库存的影响 | 类别: 航空运力","📎 FlightGlobal | https://www.flightglobal.com/paid-content/2026/04/how-airlines-achieve-more-efficient-ground-operations-with-jeppesen-smart-airport-maps/"
"[付费] Paid content The next evolution of airports By Valentin Vizant 3 April 2026","综合","文旅美食","上游产业信号 - FlightGlobal",80,"","高","📡 [上游信号] | 来源: FlightGlobal | 影响: 运力信号：关注航线运力调整对票价和库存的影响 | 类别: 航空运力","📎 FlightGlobal | https://www.flightglobal.com/paid-content/2026/04/the-next-evolution-of-airports/"
"NDC 在中国推了十多年，为什么没有上演“分销大战”","综合","国际外交","上游产业信号 - 环球旅讯",80,"","中","📡 [上游信号] | 来源: 环球旅讯 | 影响: 政策变化：关注对业务合规和需求的影响 | 类别: 政策签证","📎 环球旅讯 | https://www.traveldaily.cn/article/190072/"
"贵州山里，正在长出旅游新爆款","综合","国际外交","上游产业信号 - 环球旅讯",80,"","中","📡 [上游信号] | 来源: 环球旅讯 | 影响: 政策变化：关注对业务合规和需求的影响 | 类别: 政策签证","📎 环球旅讯 | https://www.traveldaily.cn/article/190067/"
"特朗普访华，没给美国人要到免签？","综合","国际外交","上游产业信号 - 环球旅讯",80,"美国","高","📡 [上游信号] | 来源: 环球旅讯 | 影响: 政策红利：签证便利化将刺激出境游需求 | 类别: 政策签证","📎 环球旅讯 | https://www.traveldaily.cn/article/190064/"
"跳出低价内卷！2026中国商旅服务关系彻底变了共生2 天前评论推荐","综合","国际外交","上游产业信号 - 环球旅讯",80,"","中","📡 [上游信号] | 来源: 环球旅讯 | 影响: 政策变化：关注对业务合规和需求的影响 | 类别: 政策签证","📎 环球旅讯 | https://www.traveldaily.cn/article/190062/"
"高德×亚朵：当酒店在地图上，重新定义自己的边界一本打开的书，一个上线的POI。2 天前评论推荐","综合","文旅美食","上游产业信号 - 环球旅讯",80,"","中","📡 [上游信号] | 来源: 环球旅讯 | 影响: 酒店动态：关注供应链变化和品牌布局 | 类别: 酒店供应链","📎 环球旅讯 | https://www.traveldaily.cn/article/190058/"
"路客云海外版即将上线：直连海外OTA，首推AI Agent管店能力，现开放抢先体验名额Say to AI for all hosting,without App or PC.路客云海外版补齐境外住宿数字化空白。路客云18 分钟前企业动态","综合","文旅美食","上游产业信号 - 环球旅讯",80,"","中","📡 [上游信号] | 来源: 环球旅讯 | 影响: 酒店动态：关注供应链变化和品牌布局 | 类别: 酒店供应链","📎 环球旅讯 | https://www.traveldaily.cn/article/190073/"
"OTA巨头重整投流玩法，酒店排名大变天？| TD内参春天来了2 天前住宿评论","综合","文旅美食","上游产业信号 - 环球旅讯",80,"","中","📡 [上游信号] | 来源: 环球旅讯 | 影响: 酒店动态：关注供应链变化和品牌布局 | 类别: 酒店供应链","📎 环球旅讯 | https://www.traveldaily.cn/article/190057/"
"今年峰会，我们请来了这些头部企业的“王牌大咖”!不是所有行业会议都能让您听懂变化、找到方向、链接资源。3 天前商旅&MICE","综合","文旅美食","上游产业信号 - 环球旅讯",80,"","中","📡 [上游信号] | 来源: 环球旅讯 | 影响: 集中需求：大型活动将带来阶段性客流和住宿需求 | 类别: 会展活动","📎 环球旅讯 | https://www.traveldaily.cn/article/190054/"
"企业差旅，不能只比价格了从省钱到省心3 天前商旅&MICE评论","综合","国际外交","上游产业信号 - 环球旅讯",80,"","中","📡 [上游信号] | 来源: 环球旅讯 | 影响: 政策变化：关注对业务合规和需求的影响 | 类别: 政策签证","📎 环球旅讯 | https://www.traveldaily.cn/article/190053/"
"八成老外不爱跟团，北京酒店悄悄拿捏流量实战干货3 天前住宿文旅&目的地评论","综合","文旅美食","上游产业信号 - 环球旅讯",80,"北京","中","📡 [上游信号] | 来源: 环球旅讯 | 影响: 酒店动态：关注供应链变化和品牌布局 | 类别: 酒店供应链","📎 环球旅讯 | https://www.traveldaily.cn/article/190051/"
"AI差旅，为什么多数企业都做错了？落地破局增效3 天前商旅&MICE评论AI+旅游","综合","国际外交","上游产业信号 - 环球旅讯",80,"","中","📡 [上游信号] | 来源: 环球旅讯 | 影响: 政策变化：关注对业务合规和需求的影响 | 类别: 政策签证","📎 环球旅讯 | https://www.traveldaily.cn/article/190040/"
"从季度洞察到年度决策｜他们都在用这份报告3 天前商旅&MICE","综合","国际外交","上游产业信号 - 环球旅讯",80,"","中","📡 [上游信号] | 来源: 环球旅讯 | 影响: 政策变化：关注对业务合规和需求的影响 | 类别: 政策签证","📎 环球旅讯 | https://www.traveldaily.cn/article/190049/"
"NDC 在中国推了十多年，为什么没有上演""分销大战""企业差旅各方现在该做什么4 天前评论","综合","国际外交","上游产业信号 - 环球旅讯",80,"","中","📡 [上游信号] | 来源: 环球旅讯 | 影响: 政策变化：关注对业务合规和需求的影响 | 类别: 政策签证","📎 环球旅讯 | https://www.traveldaily.cn/article/190048/"
"2026虎啸盛典完整议程（含嘉宾阵容）首发 | 重磅4 天前旅游分销","综合","国际外交","上游产业信号 - 环球旅讯",80,"","中","📡 [上游信号] | 来源: 环球旅讯 | 影响: 政策变化：关注对业务合规和需求的影响 | 类别: 政策签证","📎 环球旅讯 | https://www.traveldaily.cn/article/190039/"
"Booking财报解读：现金流神话背后的的三重风险模型依然成立，但边界正被试探4 天前OTA评论","综合","国际外交","上游产业信号 - 环球旅讯",80,"","中","📡 [上游信号] | 来源: 环球旅讯 | 影响: 政策变化：关注对业务合规和需求的影响 | 类别: 政策签证","📎 环球旅讯 | https://www.traveldaily.cn/article/190037/"
"AI落地卡在数据，支付补齐履约短板 | 一周商旅动态商旅竞争正在从“前台预订体验”转向“全链路基础设施”。5 天前商旅&MICE精选","综合","国际外交","上游产业信号 - 环球旅讯",80,"","中","📡 [上游信号] | 来源: 环球旅讯 | 影响: 宏观指标：反映旅游市场整体恢复程度 | 类别: 政策签证","📎 环球旅讯 | https://www.traveldaily.cn/article/190018/"
"2026年5月航空创新观察：航司将旅客痛点做成产品5 天前出行航空","综合","文旅美食","上游产业信号 - 环球旅讯",80,"","高","📡 [上游信号] | 来源: 环球旅讯 | 影响: 运力信号：关注航线运力调整对票价和库存的影响 | 类别: 航空运力","📎 环球旅讯 | https://www.traveldaily.cn/article/190030/"
"AI能生成行程，但Airbnb想让你相信选择新故事，新挑战6 天前住宿OTA评论","综合","文旅美食","上游产业信号 - 环球旅讯",80,"","中","📡 [上游信号] | 来源: 环球旅讯 | 影响: 酒店动态：关注供应链变化和品牌布局 | 类别: 酒店供应链","📎 环球旅讯 | https://www.traveldaily.cn/article/190028/"
"汉庭一出海，直接改变了酒店行业的投资逻辑品牌力、产品力和回报效率，正在改写投资算法。6 天前评论","综合","文旅美食","上游产业信号 - 环球旅讯",80,"","中","📡 [上游信号] | 来源: 环球旅讯 | 影响: 酒店动态：关注供应链变化和品牌布局 | 类别: 酒店供应链","📎 环球旅讯 | https://www.traveldaily.cn/article/189968/"
"会后报告 | 2026环球旅讯数智论坛·北京站 圆满收官！下一站，7月2日，深圳见。7 天前商旅&MICE","综合","文旅美食","上游产业信号 - 环球旅讯",80,"北京","中","📡 [上游信号] | 来源: 环球旅讯 | 影响: 集中需求：大型活动将带来阶段性客流和住宿需求 | 类别: 会展活动","📎 环球旅讯 | https://www.traveldaily.cn/article/190026/"
"激荡变革下，中国商旅与酒店行业如何重拾增长？新周期7 天前住宿商旅&MICE评论AI+旅游","综合","文旅美食","上游产业信号 - 环球旅讯",80,"","中","📡 [上游信号] | 来源: 环球旅讯 | 影响: 酒店动态：关注供应链变化和品牌布局 | 类别: 酒店供应链","📎 环球旅讯 | https://www.traveldaily.cn/article/190019/"
"廉航CEO，将获天价奖金低票价航司，也能开出顶级激励05-21 15:30航空评论","综合","文旅美食","上游产业信号 - 环球旅讯",80,"","高","📡 [上游信号] | 来源: 环球旅讯 | 影响: 运力信号：关注航线运力调整对票价和库存的影响 | 类别: 航空运力","📎 环球旅讯 | https://www.traveldaily.cn/article/190010/"
"广州机场T1关闭，南航赢麻了？航站楼转场引发的竞争变局05-21 11:50航空评论","综合","文旅美食","上游产业信号 - 环球旅讯",80,"广州","高","📡 [上游信号] | 来源: 环球旅讯 | 影响: 运力信号：关注航线运力调整对票价和库存的影响 | 类别: 航空运力","📎 环球旅讯 | https://www.traveldaily.cn/article/189984/"
"泰国60天免签缩回30天，想筛掉“低质量游客”？重新平衡客流、治安与游客质量05-21 10:30文旅&目的地评论","综合","国际外交","上游产业信号 - 环球旅讯",80,"泰国","高","📡 [上游信号] | 来源: 环球旅讯 | 影响: 政策红利：签证便利化将刺激出境游需求 | 类别: 政策签证","📎 环球旅讯 | https://www.traveldaily.cn/article/190009/"
"中方对俄免签延长；11万家酒店接入飞猪酒店“商家智能助理” | TD晚报今日还有泰国旅游业、波音等新动态。05-20 18:23TD日报","综合","文旅美食","上游产业信号 - 环球旅讯",80,"泰国","中","📡 [上游信号] | 来源: 环球旅讯 | 影响: 酒店动态：关注供应链变化和品牌布局 | 类别: 酒店供应链","📎 环球旅讯 | https://www.traveldaily.cn/article/190001/"
"同程旅行：520当天“旅行领证”火爆，新疆、海南、云南、福建、浙江等地热度居前浪漫经济带火短途微度假及长线跨省游05-20 15:54文旅&目的地","综合","国际外交","上游产业信号 - 环球旅讯",80,"海南","中","📡 [上游信号] | 来源: 环球旅讯 | 影响: 政策变化：关注对业务合规和需求的影响 | 类别: 政策签证","📎 环球旅讯 | https://www.traveldaily.cn/article/189987/"
"3.5亿背后的行业分水岭：携程门店519破纪录的深层逻辑门店不仅没有消失，反而成为各大OTA争夺的香饽饽。05-20 15:48OTA评论","综合","国际外交","上游产业信号 - 环球旅讯",80,"","中","📡 [上游信号] | 来源: 环球旅讯 | 影响: 政策变化：关注对业务合规和需求的影响 | 类别: 政策签证","📎 环球旅讯 | https://www.traveldaily.cn/article/189986/"
"TikTok Go，让酒店直销很受伤替未来的LLM平台，提供了一种处理履约问题的方向05-20 09:51住宿评论","综合","文旅美食","上游产业信号 - 环球旅讯",80,"","中","📡 [上游信号] | 来源: 环球旅讯 | 影响: 酒店动态：关注供应链变化和品牌布局 | 类别: 酒店供应链","📎 环球旅讯 | https://www.traveldaily.cn/article/189978/"
"路客云海外版即将上线：直连海外OTA，首推AI Agent管店能力，现开放抢先体验名额","综合","国际外交","上游产业信号 - 环球旅讯",80,"","中","📡 [上游信号] | 来源: 环球旅讯 | 影响: 政策变化：关注对业务合规和需求的影响 | 类别: 政策签证","📎 环球旅讯 | https://www.traveldaily.cn/article/190073"
"路客云新版「尾房置换」来了： 酒店盘活尾房，0元用系统还能增收","综合","文旅美食","上游产业信号 - 环球旅讯",80,"","中","📡 [上游信号] | 来源: 环球旅讯 | 影响: 酒店动态：关注供应链变化和品牌布局 | 类别: 酒店供应链","📎 环球旅讯 | https://www.traveldaily.cn/article/190071"
"城市便捷正在重构酒店业的投入产出逻辑","综合","文旅美食","上游产业信号 - 环球旅讯",80,"","中","📡 [上游信号] | 来源: 环球旅讯 | 影响: 酒店动态：关注供应链变化和品牌布局 | 类别: 酒店供应链","📎 环球旅讯 | https://www.traveldaily.cn/article/190066"
"柏曼酒店改造翻红湛江多年老店，开业后业绩与口碑“双开花”","综合","文旅美食","上游产业信号 - 环球旅讯",80,"","高","📡 [上游信号] | 来源: 环球旅讯 | 影响: 供给增加：新酒店/品牌入驻，关注竞争格局变化 | 类别: 酒店供应链","📎 环球旅讯 | https://www.traveldaily.cn/article/190065"
"端午数千家酒店打8折，“住宿消费券”带动贵州酒店预订量同比增六成","综合","文旅美食","上游产业信号 - 环球旅讯",80,"","中","📡 [上游信号] | 来源: 环球旅讯 | 影响: 酒店动态：关注供应链变化和品牌布局 | 类别: 酒店供应链","📎 环球旅讯 | https://www.traveldaily.cn/article/190061"
"同程旅行与阿塞拜疆旅游局签署战略合作备忘录","综合","国际外交","上游产业信号 - 环球旅讯",80,"","中","📡 [上游信号] | 来源: 环球旅讯 | 影响: 政策变化：关注对业务合规和需求的影响 | 类别: 政策签证","📎 环球旅讯 | https://www.traveldaily.cn/article/190060"
"中东冲突扰动全球旅游需求，中国入境游迎来新窗口","综合","国际外交","上游产业信号 - 环球旅讯",80,"","中","📡 [上游信号] | 来源: 环球旅讯 | 影响: 政策变化：关注对业务合规和需求的影响 | 类别: 政策签证","📎 环球旅讯 | https://www.traveldaily.cn/article/189889"
"AI入口重构，谁来承接交易的最后一公里？ ｜ SiteMinder财报解读","综合","国际外交","上游产业信号 - 环球旅讯",80,"","中","📡 [上游信号] | 来源: 环球旅讯 | 影响: 政策变化：关注对业务合规和需求的影响 | 类别: 政策签证","📎 环球旅讯 | https://www.traveldaily.cn/article/189674"
